CREATE TABLE VEICOLI(TARGA VARCHAR(255), MARCA VARCHAR(255), MODELLO VARCHAR(255), TIPOLOGIA VARCHAR(255), DESCRIZIONE VARCHAR(255), DATA_ACQUISTO DATE, PREZZO_ACQUISTO VARCHAR(255), PREZZO_VENDITA VARCHAR(255));
CREATE TABLE MANUTENZIONI(TARGA VARCHAR(255), DATA_INIZIO DATE, DATA_FINE DATE, DESCRIZIONE VARCHAR(255), COSTO VARCHAR(255), OFFICINA VARCHAR(255));
CREATE TABLE PRIVATI(EMAIL VARCHAR(255), NOME VARCHAR(255), COGNOME VARCHAR(255), DATA_NASCITA VARCHAR(255), CODICE_FISCALE VARCHAR(255)); 
CREATE TABLE AZIENDE(EMAIL VARCHAR(255), RAGIONE_SOCIALE VARCHAR(255), PARTITA_IVA VARCHAR(255)); 
CREATE TABLE TARIFFE(ID_TARIFFA VARCHAR(255), MODELLO_VEICOLO VARCHAR(255), UNITA_DI_TEMPO VARCHAR(255), NUMERO_UNITA VARCHAR(255), COSTO VARCHAR(255), PERCENTUALE_CREDITO VARCHAR(255));
CREATE TABLE FEDELTA(LIVELLO VARCHAR(255), SPESA_GIORNALIERA VARCHAR(255), CASHBACK VARCHAR(255)); 
CREATE TABLE NOLEGGI(EMAIL_CLIENTE VARCHAR(255), TARGA VARCHAR(255), DATA_INIZIO VARCHAR(255), DATA_FINE_PREVISTA VARCHAR(255), DATA_FINE_EFFETTIVA VARCHAR(255), PATENTE VARCHAR(255), DURATA VARCHAR(255), ID_TARIFFA VARCHAR(255));
INSERT INTO VEICOLI(TARGA, MARCA, MODELLO, TIPOLOGIA, DESCRIZIONE, DATA_ACQUISTO, PREZZO_ACQUISTO, PREZZO_VENDITA) VALUES ('DD 566 MN', 'BMW', 'SERIE 1', 'Berlina', 'BMW 120d diesel nera', '2019-01-10', '35000', '20000');
INSERT INTO VEICOLI(TARGA, MARCA, MODELLO, TIPOLOGIA, DESCRIZIONE, DATA_ACQUISTO, PREZZO_ACQUISTO, PREZZO_VENDITA) VALUES ('CD 123 KK', 'BMW', 'X3', 'SUV', 'X3 M 118i benzina bianca', '2021-05-03', '43000', '25000');
INSERT INTO VEICOLI(TARGA, MARCA, MODELLO, TIPOLOGIA, DESCRIZIONE, DATA_ACQUISTO, PREZZO_ACQUISTO, PREZZO_VENDITA) VALUES ('AA 356 OO', 'BMW', 'SERIE 1', 'Berlina', 'BMW 120d benzina nera', '2018-12-06', '56000', '30000');
INSERT INTO VEICOLI(TARGA, MARCA, MODELLO, TIPOLOGIA, DESCRIZIONE, DATA_ACQUISTO, PREZZO_ACQUISTO, PREZZO_VENDITA) VALUES ('DD 555 JJ', 'AUDI', 'A1', 'Berlina', 'A1 1.6 benzina nera', '2018-06-15', '32000', '16000');
INSERT INTO VEICOLI(TARGA, MARCA, MODELLO, TIPOLOGIA, DESCRIZIONE, DATA_ACQUISTO, PREZZO_ACQUISTO, PREZZO_VENDITA) VALUES ('GF 667 HJ', 'AUDI', 'Q3', 'SUV', 'Q3 2.0 TDB verde scuso', '2020-01-21', '47000', '21000');
INSERT INTO MANUTENZIONI(TARGA, DATA_INIZIO, DATA_FINE, DESCRIZIONE, COSTO, OFFICINA) VALUES ('AA 356 OO', '2019-01-06', '2019-01-08', 'Primo Tagliando', '400', 'Autosud s.r.l Roma');
INSERT INTO MANUTENZIONI(TARGA, DATA_INIZIO, DATA_FINE, DESCRIZIONE, COSTO, OFFICINA) VALUES ('AA 356 OO', '2020-04-11', '2020-04-15', 'Carrozzeria anteriore', '1500', 'CarPoint s.p.a. Tivoli');
INSERT INTO MANUTENZIONI(TARGA, DATA_INIZIO, DATA_FINE, DESCRIZIONE, COSTO, OFFICINA) VALUES ('CD 123 KK', '2022-12-10', '2022-12-13', 'Primo Tagliando', '450', 'Autosud s.r.l Roma');
INSERT INTO MANUTENZIONI(TARGA, DATA_INIZIO, DATA_FINE, DESCRIZIONE, COSTO, OFFICINA) VALUES ('DD 555 JJ', '2018-09-15', '2018-09-19', 'Primo Tagliando', '350', 'Autosud s.r.l Roma');
INSERT INTO MANUTENZIONI(TARGA, DATA_INIZIO, DATA_FINE, DESCRIZIONE, COSTO, OFFICINA) VALUES ('DD 555 JJ', '2021-03-03', '2021-03-08', 'Sostituzione motore  avviamento', '340', 'CarPoint s.p.a. Tivoli');
INSERT INTO MANUTENZIONI(TARGA, DATA_INIZIO, DATA_FINE, DESCRIZIONE, COSTO, OFFICINA) VALUES ('DD 555 JJ', '2023-01-11', '2023-01-15', 'Carrozzeria laterale sx', '1200', 'CarPoint s.p.a. Tivoli');
INSERT INTO MANUTENZIONI(TARGA, DATA_INIZIO, DATA_FINE, DESCRIZIONE, COSTO, OFFICINA) VALUES ('DD 566 MN', '2020-02-15', '2020-02-18', 'Primo Tagliando', '550', 'Autosud s.r.l Roma');
INSERT INTO MANUTENZIONI(TARGA, DATA_INIZIO, DATA_FINE, DESCRIZIONE, COSTO, OFFICINA) VALUES ('DD 566 MN', '2022-04-21', '2022-04-21', 'Riparazione aria condizionata', '250', 'Autosud s.r.l Roma');
INSERT INTO MANUTENZIONI(TARGA, DATA_INIZIO, DATA_FINE, DESCRIZIONE, COSTO, OFFICINA) VALUES ('GF 667 HJ', '2020-11-14', '2020-11-17', 'Primo Tagliando', '400', 'CarPoint s.p.a. Tivoli');
INSERT INTO PRIVATI(EMAIL, NOME, COGNOME, DATA_NASCITA, CODICE_FISCALE) VALUES ('cpulcini@gmail.com', 'Carlo', 'Pulcini', '1970-11-11', 'PLCCRL70L01D343R');
INSERT INTO PRIVATI(EMAIL, NOME, COGNOME, DATA_NASCITA, CODICE_FISCALE) VALUES ('apulcini@gmail.com', 'Alberto', 'Pulcini', '1981-02-02', 'PLCALB81M05D343R');
INSERT INTO PRIVATI(EMAIL, NOME, COGNOME, DATA_NASCITA, CODICE_FISCALE) VALUES ('spistoia@tim.it', 'Savina', 'Pistoia', '1977-11-12', 'PSVSAV77N12H333N');
INSERT INTO AZIENDE(EMAIL, RAGIONE_SOCIALE, PARTITA_IVA) VALUES ('info@datageneral.com', 'DATA GENERAL SPA', '145678993');
INSERT INTO AZIENDE(EMAIL, RAGIONE_SOCIALE, PARTITA_IVA) VALUES ('info@lucent.it', 'LUCENT TECHNOLOGIES  ITALIA SPA', '177565258');
INSERT INTO TARIFFE(ID_TARIFFA, MODELLO_VEICOLO, UNITA_DI_TEMPO, NUMERO_UNITA, COSTO, PERCENTUALE_CREDITO) VALUES ('BREVE', 'SERIE 1', 'GIORNO', '1', '100', '0,04');
INSERT INTO TARIFFE(ID_TARIFFA, MODELLO_VEICOLO, UNITA_DI_TEMPO, NUMERO_UNITA, COSTO, PERCENTUALE_CREDITO) VALUES ('MEDIO', 'SERIE 1', 'SETTIMANA', '1', '490', '0,03');
INSERT INTO TARIFFE(ID_TARIFFA, MODELLO_VEICOLO, UNITA_DI_TEMPO, NUMERO_UNITA, COSTO, PERCENTUALE_CREDITO) VALUES ('LUNGO', 'SERIE 1', 'SETTIMANA', '4', '1500', '0,03');
INSERT INTO TARIFFE(ID_TARIFFA, MODELLO_VEICOLO, UNITA_DI_TEMPO, NUMERO_UNITA, COSTO, PERCENTUALE_CREDITO) VALUES ('BREVE', 'X3', 'GIORNO', '1', '200', '0,08');
INSERT INTO TARIFFE(ID_TARIFFA, MODELLO_VEICOLO, UNITA_DI_TEMPO, NUMERO_UNITA, COSTO, PERCENTUALE_CREDITO) VALUES ('MEDIO', 'X3', 'SETTIMANA', '1', '800', '0,06');
INSERT INTO TARIFFE(ID_TARIFFA, MODELLO_VEICOLO, UNITA_DI_TEMPO, NUMERO_UNITA, COSTO, PERCENTUALE_CREDITO) VALUES ('LUNGO', 'X3', 'SETTIMANA', '4', '2500', '0,06');
INSERT INTO TARIFFE(ID_TARIFFA, MODELLO_VEICOLO, UNITA_DI_TEMPO, NUMERO_UNITA, COSTO, PERCENTUALE_CREDITO) VALUES ('BREVE', 'A1', 'GIORNO', '1', '90', '0,08');
INSERT INTO TARIFFE(ID_TARIFFA, MODELLO_VEICOLO, UNITA_DI_TEMPO, NUMERO_UNITA, COSTO, PERCENTUALE_CREDITO) VALUES ('MEDIO', 'A1', 'SETTIMANA', '1', '450', '0,06');
INSERT INTO TARIFFE(ID_TARIFFA, MODELLO_VEICOLO, UNITA_DI_TEMPO, NUMERO_UNITA, COSTO, PERCENTUALE_CREDITO) VALUES ('LUNGO', 'A1', 'SETTIMANA', '4', '1300', '0,06');
INSERT INTO TARIFFE(ID_TARIFFA, MODELLO_VEICOLO, UNITA_DI_TEMPO, NUMERO_UNITA, COSTO, PERCENTUALE_CREDITO) VALUES ('BREVE', 'Q3', 'GIORNO', '1', '200', '0,1');
INSERT INTO TARIFFE(ID_TARIFFA, MODELLO_VEICOLO, UNITA_DI_TEMPO, NUMERO_UNITA, COSTO, PERCENTUALE_CREDITO) VALUES ('MEDIO', 'Q3', 'SETTIMANA', '1', '800', '0,09');
INSERT INTO TARIFFE(ID_TARIFFA, MODELLO_VEICOLO, UNITA_DI_TEMPO, NUMERO_UNITA, COSTO, PERCENTUALE_CREDITO) VALUES ('LUNGO', 'Q3', 'SETTIMANA', '4', '2500', '0,09');
INSERT INTO FEDELTA(LIVELLO, SPESA_GIORNALIERA, CASHBACK) VALUES ('FIDELITY1', '80', '0,1');
INSERT INTO FEDELTA(LIVELLO, SPESA_GIORNALIERA, CASHBACK) VALUES ('FIDELITY2', '100', '0,4');
INSERT INTO FEDELTA(LIVELLO, SPESA_GIORNALIERA, CASHBACK) VALUES ('GOLD3', '130', '0,5');
INSERT INTO NOLEGGI(EMAIL_CLIENTE, TARGA, DATA_INIZIO, DATA_FINE_PREVISTA, DATA_FINE_EFFETTIVA, PATENTE, DURATA, ID_TARIFFA) VALUES ('info@datageneral.com', 'AA 356 OO', '2019-01-05', '2019-02-05', '2019-02-05', 'PTN33', '1', 'LUNGO');
INSERT INTO NOLEGGI(EMAIL_CLIENTE, TARGA, DATA_INIZIO, DATA_FINE_PREVISTA, DATA_FINE_EFFETTIVA, PATENTE, DURATA, ID_TARIFFA) VALUES ('info@lucent.it', 'AA 356 OO', '2019-10-01', '2010-10-15', '2010-10-05', 'PTN44', '15', 'BREVE');
INSERT INTO NOLEGGI(EMAIL_CLIENTE, TARGA, DATA_INIZIO, DATA_FINE_PREVISTA, DATA_FINE_EFFETTIVA, PATENTE, DURATA, ID_TARIFFA) VALUES ('spistoia@tim.it', 'CD 123 KK', '2021-06-10', '2021-06-15', '2021-06-15', 'PTN1', '1', 'MEDIO');
INSERT INTO NOLEGGI(EMAIL_CLIENTE, TARGA, DATA_INIZIO, DATA_FINE_PREVISTA, DATA_FINE_EFFETTIVA, PATENTE, DURATA, ID_TARIFFA) VALUES ('info@datageneral.com', 'CD 123 KK', '2021-06-18', '2021-06-28', '2021-06-28', 'PTN33', '10', 'BREVE');
INSERT INTO NOLEGGI(EMAIL_CLIENTE, TARGA, DATA_INIZIO, DATA_FINE_PREVISTA, DATA_FINE_EFFETTIVA, PATENTE, DURATA, ID_TARIFFA) VALUES ('info@lucent.it', 'CD 123 KK', '2023-10-10', '2024-10-10', '1900-01-00', 'PTN44', '13', 'LUNGO');